-- phpMyAdmin SQL Dump
-- version 4.7.4
-- https://www.phpmyadmin.net/
--
-- Host: 127.0.0.1
-- Generation Time: Dec 16, 2017 at 05:53 AM
-- Server version: 10.1.26-MariaDB
-- PHP Version: 7.1.9

SET SQL_MODE = "NO_AUTO_VALUE_ON_ZERO";
SET AUTOCOMMIT = 0;
START TRANSACTION;
SET time_zone = "+00:00";


/*!40101 SET @OLD_CHARACTER_SET_CLIENT=@@CHARACTER_SET_CLIENT */;
/*!40101 SET @OLD_CHARACTER_SET_RESULTS=@@CHARACTER_SET_RESULTS */;
/*!40101 SET @OLD_COLLATION_CONNECTION=@@COLLATION_CONNECTION */;
/*!40101 SET NAMES utf8mb4 */;

--
-- Database: `phoenix`
--

-- --------------------------------------------------------

--
-- Table structure for table `categories`
--

CREATE TABLE `categories` (
  `id` bigint(20) NOT NULL,
  `name` varchar(255) NOT NULL
) ENGINE=InnoDB DEFAULT CHARSET=utf8;

--
-- Dumping data for table `categories`
--

INSERT INTO `categories` (`id`, `name`) VALUES
(1, 'phoenix_2rrByUsy2NcRxdr5gZEV'),
(2, 'phoenix_ZAHaveYJZsMgwZzMmzyi'),
(3, 'phoenix_y5Vgd2Ac4jF8AXaL62Kb'),
(4, 'phoenix_9qMQjw0NAv9GUQc1XQxD'),
(5, 'phoenix_VRbbrRYVwxA6JMkAbdYM'),
(6, 'phoenix_ZlKXugKDiSEczsyzBfbP'),
(7, 'phoenix_12O9gFeGjX71qAmY24i4'),
(8, 'phoenix_hdiJM9zgtHMhBbJsGF9X'),
(9, 'phoenix_YzZaYvBJoMFJqZRhOKBf'),
(10, 'phoenix_KydRvhFiHSdA9qIDAzH1'),
(11, 'phoenix_lN7IIWCkJvMUBAt17vnS'),
(12, 'phoenix_y52fHwSV0wyAezM4Q0HA'),
(13, 'phoenix_BAXK7ikYjjQ4R3JoGk5b'),
(14, 'phoenix_jMCNZjsUudSrqQtjmdVu'),
(15, 'phoenix_P8ItNoDTUOMzLiZNIDSN'),
(16, 'phoenix_jSa67tyez2QfgokRYJgO'),
(17, 'phoenix_0n7NxGRQzCuMPN6kMEqR'),
(18, 'phoenix_sp5omZLFYLuqeOths8aY'),
(19, 'phoenix_zZ9RNSIxNNX0t7MvufQd'),
(20, 'phoenix_eYmlS2ppztjAH37C1bjI'),
(21, 'phoenix_uk3PT0xKUaROxxDHCEJu'),
(22, 'phoenix_mSZbiFbkWo1SIM8NDfcQ'),
(23, 'phoenix_gxJXrKm2teTslihuwxMh'),
(24, 'phoenix_hfRMJsamzZqTzbYolpnA'),
(25, 'phoenix_4zUowKv32ZdQ7d3bOv83'),
(26, 'phoenix_ZgYDKuCncnPtQ6mTZF2l'),
(27, 'phoenix_DBevtO7aSSvW3xAoFajB'),
(28, 'phoenix_5EfiLCtECwjboBZC8DAL'),
(29, 'phoenix_F1IauArN18d1wmV4CmMP'),
(30, 'phoenix_eT0BeAQ1u6ocrfGtd9tW'),
(31, 'phoenix_TU8M9r1kpqR5vSRCW26r'),
(32, 'phoenix_EJscCyXDTnhKt1QDIxdn'),
(33, 'phoenix_KpmrPUlq7HeV1gilRHl0'),
(34, 'phoenix_2xiDUwPEAnrj3TGK6zWz'),
(35, 'phoenix_GavguA8YlTrk15rcYjw0'),
(36, 'phoenix_KUEBcJoTLcI4sPCzaUdX'),
(37, 'phoenix_8ttmhQ3Tx90hvFTy8cgs'),
(38, 'phoenix_pHdoBlbsRAeTN6Pv93qN'),
(39, 'phoenix_rCWkbktgksVcifabP0Ug'),
(40, 'phoenix_xGvlcoFPAsLlbKWWTF4N'),
(41, 'phoenix_71hYIVCblDYUUQevzK9U'),
(42, 'phoenix_XdaPwvQpdLXBHeKR3XUh'),
(43, 'phoenix_NaJgec5ij1KtDlWxqnzd'),
(44, 'phoenix_BULe2MoItmm9QG5uNknj'),
(45, 'phoenix_PPmDDrmAnGbZCooyzgu1'),
(46, 'phoenix_918Ybt7yvE1X2qdT0SCJ'),
(47, 'phoenix_yndreAVOtU0fOJp9EMXB'),
(48, 'phoenix_KSMjxc1ZnebEE8bp1Ug0'),
(49, 'phoenix_0NUT9wzaBYLsh7nFwHyd'),
(50, 'phoenix_ERt07jbd0xIG8SkR1nId'),
(51, 'phoenix_oCsohiJRIr6boTkmzJ6T'),
(52, 'phoenix_7vSyyraplmHhUfVonQw0'),
(53, 'phoenix_nIA4SLOeE7qTEY6NkwaA'),
(54, 'phoenix_Hf96bXP0AveevJGRV0pJ'),
(55, 'phoenix_Mvc8bSI57fPTQXtv3QSh'),
(56, 'phoenix_yK2vECyNeC1CXMGArrIK'),
(57, 'phoenix_RQVNSKyGdeBMsp5PxS7e'),
(58, 'phoenix_mmoxzEtm4xCNeNOwcG3k'),
(59, 'phoenix_8owDI1vOOFbazgyYiF8j'),
(60, 'phoenix_wTEmmjqq88usbclyFax2'),
(61, 'phoenix_yxHa2ATaZHngc1KBpH5k'),
(62, 'phoenix_yCVmHRbSnIuYRE7vmRn0'),
(63, 'phoenix_ZhsUxBMBRyPDxTbVuOyZ'),
(64, 'phoenix_7DYgIUdZXPovqFTBVgcs'),
(65, 'phoenix_L8Sn6GfclwYx3ihqBxXp'),
(66, 'phoenix_iAF4HVoYNoDezUztHx46'),
(67, 'phoenix_6ef8LYTEKR8EAOvrsctT'),
(68, 'phoenix_HSQvrnQSIw6rFJvrOChj'),
(69, 'phoenix_kgVZFVlIDg9fFIgE5QUT'),
(70, 'phoenix_iuyVKz0EhkWBboHsF8Wf'),
(71, 'phoenix_EQyLeGCHypUf0Se9tFpl'),
(72, 'phoenix_mVQYbTLEcbsbQFkPP3Xt'),
(73, 'phoenix_zfbPrHcHmvcVT9Zmnxaw'),
(74, 'phoenix_SbXHsMQfybLztW2xHpK1'),
(75, 'phoenix_1xKfgq0Qs0qlUcTWh0qS'),
(76, 'phoenix_XXwh7bi2DBDInIYQZEkJ'),
(77, 'phoenix_wwBn3ggIdqtmbqxtckwj'),
(78, 'phoenix_NB4R1KYpWFLgCjXajl1G'),
(79, 'phoenix_H2KcgXoOs2pUN90Qi71p'),
(80, 'phoenix_iOaSUKNE0xE52LlKKHNF'),
(81, 'phoenix_Hr8NdpYWOxBQQQdNVgRk'),
(82, 'phoenix_ZlJvfxVScgIVX9ZBcEKO'),
(83, 'phoenix_RUczcDEwt4kmabnqPaAn'),
(84, 'phoenix_dmY6wyF4722LucgPjGuJ'),
(85, 'phoenix_Ci3AsXjJcB5qgEB60EAE'),
(86, 'phoenix_suaht8G7XE6BLH0KEz6e'),
(87, 'phoenix_MrG9lHug3EBDgAphQumF'),
(88, 'phoenix_eo3IDchL4tsKt2Ilo3Va'),
(89, 'phoenix_AzaqmnGVXUkKU4zHBTyt'),
(90, 'phoenix_DbvbjJIf3ozSlRMXmhh4'),
(91, 'phoenix_xbiVsM6sYsJteKzyyF2B'),
(92, 'phoenix_zcGO57PpvKezr5yFT2rn'),
(93, 'phoenix_ELFt1Ele3PgqNcXX9CWO'),
(94, 'phoenix_7du57Wrig2NHBMpAYFoL'),
(95, 'phoenix_XApQuziQtXxdXLCe2fjb'),
(96, 'phoenix_mO8SDal51uGge84qNEdk'),
(97, 'phoenix_wFcLh6sibeDSRRrtWHom'),
(98, 'phoenix_PoghJlwK4bUf11bHHWwE'),
(99, 'phoenix_nv9hGwvbZEiPZ7R4wwtJ'),
(100, 'phoenix_PxXX5yedxOJsk7ONLuyk'),
(101, 'phoenix_ywkV8B4GthHdOl0zF173'),
(102, 'phoenix_YwuUXKyqyuRxKF9ImxqM'),
(103, 'phoenix_VaoZ7jrogEvidhsqM3CK'),
(104, 'phoenix_MRuR9HyLGDZT47HiTkOY'),
(105, 'phoenix_1VWAe0A67QjrlugL5cEJ'),
(106, 'phoenix_4HLoqH6AbmNZ3ZQnZ9MN'),
(107, 'phoenix_kUaZsQDZ4Hzu2LLcI77r'),
(108, 'phoenix_fITDNYJDznchjZULMQc5'),
(109, 'phoenix_Y2N4Vi85khnUJ3RTDko5'),
(110, 'phoenix_GQQBNQgOONpjHBT3PNLN'),
(111, 'phoenix_wVIsqyLv7EEl9Mc2yLXE'),
(112, 'phoenix_fndpfUvXNaV8FEsxE5Ns'),
(113, 'phoenix_xJKAn681vKsx50RjqOwQ'),
(114, 'phoenix_c9ed3phDeh4xsmZkQI8i'),
(115, 'phoenix_8TraNvXyfxQ3c9PxnH0r'),
(116, 'phoenix_ZZdhrWdo0PmygkbBxE8b'),
(117, 'phoenix_TiUVwNXwRNKtqusLcKlt'),
(118, 'phoenix_iM2UoBUX8pI6pvHhLrBF'),
(119, 'phoenix_ZU7nt4z6QNdyISPf0YSG'),
(120, 'phoenix_2N7JbXIQVo71hSJ5f1NJ'),
(121, 'phoenix_Do5bCtLvA2U7WUiojji0'),
(122, 'phoenix_qOkmXUwSkGMTsyqgQr5I'),
(123, 'phoenix_ZC2jiz8AKv7izMYWe563'),
(124, 'phoenix_VhaQsCJMBRzJOxqBVPX8'),
(125, 'phoenix_KG0fnxbo7TKVqYUhIamK'),
(126, 'phoenix_NFga02KdjkUT4sZSO4rW'),
(127, 'phoenix_iSURAqxaEjaFnXWQTsTL'),
(128, 'phoenix_MUxhsvyD5LqmjIwWtsde'),
(129, 'phoenix_ZR2X5PPQQCCe4mHXB7wh'),
(130, 'phoenix_iMnkqNz6A28BO1h7mJoR'),
(131, 'phoenix_i8owTXfupD27wTylYaiH'),
(132, 'phoenix_R0AKJtzBjZfQamp07mwF'),
(133, 'phoenix_93yoR9E3OgVIkvnmdv4h'),
(134, 'phoenix_sR5dPvbAbwWl9w1nuptf'),
(135, 'phoenix_ol7kFJSRqiT9E4pRsHNQ'),
(136, 'phoenix_u2QIodzHmwHc0zUKZRLQ'),
(137, 'phoenix_JkwhB22bYDtlB04H90S7'),
(138, 'phoenix_KIDmeIFU7Ha4YjtZ8ril'),
(139, 'phoenix_e0kZr882oM8C43adn79q'),
(140, 'phoenix_eojooEaWCHDHhJ0uE2ba'),
(141, 'phoenix_D4oisObvMjw9cj8gQLP1'),
(142, 'phoenix_KVUohOQpLw54YBBjaWo2'),
(143, 'phoenix_4ueT82rc6CU2tE3dkt3n'),
(144, 'phoenix_adDJ7CyEaHHBmb45HTCn'),
(145, 'phoenix_9faE4PNFVQiGNUZ5u9nf'),
(146, 'phoenix_Je7VjMNMk2mVfsginYuI'),
(147, 'phoenix_YHAoEMkial6GC7QTW7bN'),
(148, 'phoenix_rwSeAFJuMudRe12oTSds'),
(149, 'phoenix_YQA55jHouubxa3Y4WlbM'),
(150, 'phoenix_qsMMOu4TumfQNgSkLADr'),
(151, 'phoenix_feKtzqLhpfa6ILy3QUSv'),
(152, 'phoenix_UjuSI9acpM6qOOddYV4L'),
(153, 'phoenix_LLNqFO40dn9joOIScftQ'),
(154, 'phoenix_yCd9qycy89kwV8rZFf2H'),
(155, 'phoenix_rv9kPndesoneO9YjhKz9'),
(156, 'phoenix_Blu1lHrduxbyXvndBOCM'),
(157, 'phoenix_v3jjsVXBLfTY5SuiBQGe'),
(158, 'phoenix_Nek0AzlYJ2Xz56rRWauo'),
(159, 'phoenix_Y45gYrDMp1HpPNTwV2QK'),
(160, 'phoenix_1AIucs1vTgnfuZWtd4K6'),
(161, 'phoenix_TOexzkaN0yOAJ7ren8P4'),
(162, 'phoenix_Wdc0J15u2W6YuTv3Ys9S'),
(163, 'phoenix_NysMSIszZdWoxwKBwBV8'),
(164, 'phoenix_0ESEYknOwD5xzLPEte6Z'),
(165, 'phoenix_62v0I02Kzlbk9S2LKIjx'),
(166, 'phoenix_8sxtQZWMLORkyn9fdGWr'),
(167, 'phoenix_zHTp11MX1pVonF7ldXwi'),
(168, 'phoenix_NI4z0kXBTFHal558PZah'),
(169, 'phoenix_EMxt3TbHUFPgNF6mMN6N'),
(170, 'phoenix_x0qrHPG2jo2WYaUJZlFi'),
(171, 'phoenix_tmyd8AIxi4ECnbJXnrzl'),
(172, 'phoenix_HUCF33njljoDlE12TcFZ'),
(173, 'phoenix_ZRm0lMu3vtOFh5H3rDyb'),
(174, 'phoenix_oKTEzLCg3kTgCmQVGCls'),
(175, 'phoenix_GZLLR22FxKwddwolYwuR'),
(176, 'phoenix_t0ORXoQfasgxpumROBMK'),
(177, 'phoenix_5kMQq8Iji8JuQRBwcYhA'),
(178, 'phoenix_asCSMHMkWd034HGVhjIp'),
(179, 'phoenix_CavzGvuKPnPZ2qMk823p'),
(180, 'phoenix_Bdt7M2w7OxcIgQJhS5nn'),
(181, 'phoenix_szGkgObiiaUsfvH99DV8'),
(182, 'phoenix_rVCd15mBDYg8nqKQJajy'),
(183, 'phoenix_FMrlayf7WfOHPXHL08uX'),
(184, 'phoenix_orHKGo16m3tmwfkKGQkH'),
(185, 'phoenix_Be1Wu5STN8tgPCXhDeCl'),
(186, 'phoenix_QpKF74t7qE2wmJwMaZ5k'),
(187, 'phoenix_tGNWBEav2IpXrTPprH9s'),
(188, 'phoenix_Oo0qzWX0uoS15j0L8FnI'),
(189, 'phoenix_5RJVbQmc17IpDCkuyEWQ'),
(190, 'phoenix_apXir5UmvKK22Dr6XdNV'),
(191, 'phoenix_ueCNO86LrlH5Sih4qu5j'),
(192, 'phoenix_BiNgbi6saM5hbmtTsTiG'),
(193, 'phoenix_WI3dWRC4Ymv0VxWTe79h'),
(194, 'phoenix_nB7EhljXLLJpVpHVOiPE'),
(195, 'phoenix_ranObeZUIgjeX94eVNBN'),
(196, 'phoenix_OaFFpnr2Jv2QdigbG0QU'),
(197, 'phoenix_9uhKV5dyfRCFZTPAAzdD'),
(198, 'phoenix_R0fFkegifbjKctOdNZZY'),
(199, 'phoenix_iktBGFhdtE7JvEwCVqQq'),
(200, 'phoenix_1UqQhXOuxosc7CLOd6qH'),
(201, 'phoenix_BplFPJrOjWSBOmYDlmAO'),
(202, 'phoenix_G4CFbU5rd1NPuMck5u3c'),
(203, 'phoenix_yp011nt350PfrL17FL3y'),
(204, 'phoenix_K63xp9ow3uZEMrkSsSEa'),
(205, 'phoenix_LpIbxMjbmGVkty4fJfaB'),
(206, 'phoenix_vonjeA3LoX2uaNNtULxo'),
(207, 'phoenix_S2GCXIwE1PAHwfgByYs8'),
(208, 'phoenix_nhG0rClp9zMDSV5l85z7'),
(209, 'phoenix_r56PeiXZW3NhAlwa3nrs'),
(210, 'phoenix_YvhQv0XLty2Y7mGsoU2k'),
(211, 'phoenix_gSNTGTE2ByCh6Fm3gwyl'),
(212, 'phoenix_L7lTskk25FJjn9cOM10z'),
(213, 'phoenix_HPQjRJQsgxM2mbisM86b'),
(214, 'phoenix_6ubS7n02luM40AKfVBOX'),
(215, 'phoenix_RrYXjjNq007cZzjAEhMQ'),
(216, 'phoenix_Y6efrzGH9XJWOQ4ItKeb'),
(217, 'phoenix_gNwSi6gtPRuABboc7R4j'),
(218, 'phoenix_2fUkDy5Hb9kqqJjBZshY'),
(219, 'phoenix_PVSDzL52RtomXaiUPvOD'),
(220, 'phoenix_9IgwNlQJNAUJf3vOUrDA'),
(221, 'phoenix_GydWcKv7DfCWyKy3qa6o'),
(222, 'phoenix_N8MY3UheVbYa8aAcs9Ay'),
(223, 'phoenix_oXDYyfYVlP6HHH82fUxp'),
(224, 'phoenix_H3STvcJhVg6bLnUkfqr8'),
(225, 'phoenix_sLlK8upXHOelu19uVkMA'),
(226, 'phoenix_VkHDA8rova0H9wVkL6GT'),
(227, 'phoenix_sMoGk24rEvj6qrdOThJS'),
(228, 'phoenix_1qTqY4QJmMD0BJfscQ9L'),
(229, 'phoenix_ggWFaGxhtYBHPzbPpHz0'),
(230, 'phoenix_ImQaWyj7ux3LRJ6EJjUp'),
(231, 'phoenix_kRCimCdXMRuVqAB8UAvd'),
(232, 'phoenix_lEPxANgzgagspznAg1zQ'),
(233, 'phoenix_kVGmeVZWPejHciqc0h2N'),
(234, 'phoenix_xsTcINgZMtIeFGROQyWA'),
(235, 'phoenix_znrLF6hzWuLp9fs6gxLl'),
(236, 'phoenix_RlDnH9q2Hkn9mwdaaSgK'),
(237, 'phoenix_m3g41uQt8YDVjuDTdMB9'),
(238, 'phoenix_tw9mL7q956gFRLxgcvZg'),
(239, 'phoenix_LhJkcdpGc3yUX5RYGNDf'),
(240, 'phoenix_DEV56M24MsTSA7Upf8lu'),
(241, 'phoenix_T8uO29nAzeuZmZcrwmW0'),
(242, 'phoenix_yGtvRpYvH1WYYHe7BV6j'),
(243, 'phoenix_dG87xqdFcNfSoZ0U75Wm'),
(244, 'phoenix_jLJEKJo8cgXXWmUlcbUF'),
(245, 'phoenix_aqyuCaNQxZustGwAo0rZ'),
(246, 'phoenix_h8f2DQmhSdTGeMRs27vT'),
(247, 'phoenix_F1FyM60k6A7bbTYH3zyO'),
(248, 'phoenix_BRufFyuKQaCzAWWhRcFe'),
(249, 'phoenix_eDfFveCdoYf6okpNfvdH'),
(250, 'phoenix_APPqjlLxiyUmRd8jmxGO'),
(251, 'phoenix_0yOhXcGhcuTUcbXHg1Ny'),
(252, 'phoenix_NTlXt0NIEDuy5V8ZSLMc'),
(253, 'phoenix_sYZ1pZmzEH02SC6wkaB1'),
(254, 'phoenix_DDnz7j2qQQeZmqHZb4Ly'),
(255, 'phoenix_awSxzvJQS9nW9U04Uz8h'),
(256, 'phoenix_cVA40G9wuYB9Jbp9nMUU'),
(257, 'phoenix_hO2bDIXvbABCPwjwF3an'),
(258, 'phoenix_4BFkKfAQMEb87HIUoOW8'),
(259, 'phoenix_w8mN3srr6OlsecG9ANOf'),
(260, 'phoenix_wCuDSbAeVxUYTTALXVtB'),
(261, 'phoenix_wmZgyW9eavr6oMoG6IRu'),
(262, 'phoenix_EvcjDVhnkHjJn26Nn9P1'),
(263, 'phoenix_RafWiZLwdimi5QDtYRpd'),
(264, 'phoenix_VbM704URpnw7QNbLaW5Z'),
(265, 'phoenix_mduEzHsrfMHxuYywDaMm'),
(266, 'phoenix_Gyii3wGZSdFGfs7QheFs'),
(267, 'phoenix_GdRBYaC8piGw87GXAETV'),
(268, 'phoenix_1q6dwFuToDPmmgn34Jlh'),
(269, 'phoenix_iJvmyjVZUW4EtuQLzsOz'),
(270, 'phoenix_ba4oR58Djbm8SuHK1PyW'),
(271, 'phoenix_S4fJ0jrBI5QzIqoBQGal'),
(272, 'phoenix_wwunHlREiAMKCrRc6Q2M'),
(273, 'phoenix_hSLqT37uiDbKOtjoCOrh'),
(274, 'phoenix_UWYLjj5P47oDmDGmNBlp'),
(275, 'phoenix_pQceYLDoXwCGhsoQfldt'),
(276, 'phoenix_GbFUaVM9diPa9pspIhwC'),
(277, 'phoenix_ruS0kylTRL3EMJdcVQCG'),
(278, 'phoenix_LGmUPqZGCiir7MasCMsF'),
(279, 'phoenix_qKxQm0ylnwK4ZovufQMZ'),
(280, 'phoenix_lMuAS5iETQre4OWR1BDQ'),
(281, 'phoenix_EhQRlNvlGY25E4YeeySk'),
(282, 'phoenix_9DNW2EvqGKo3Cbz3A1Ov'),
(283, 'phoenix_hOztMFA3AH9K4fawUS7D'),
(284, 'phoenix_Um042tqxGy73OU9TVLgc'),
(285, 'phoenix_h3y3RvSGLjpDndN2u6nm'),
(286, 'phoenix_ODOUbehUgEoxZElh4z3p'),
(287, 'phoenix_NEDg0O8whS2cGXCpcIqK'),
(288, 'phoenix_yioRS5sI7MEbPb1zNvBl'),
(289, 'phoenix_kkSB4ooGR28C7xSBMCq6'),
(290, 'phoenix_moKjXLugVVaFgg7T2vQA'),
(291, 'phoenix_XpLL8M20WKAymrY1sIZP'),
(292, 'phoenix_p39M38zAfkk2A6ResXdU'),
(293, 'phoenix_7LuoSvrzDdb36QHEFZ0E'),
(294, 'phoenix_LunnqWCKjSjwyNXcv7qd'),
(295, 'phoenix_dh46SpizY7c24eWk7Nje'),
(296, 'phoenix_AOqOGZYGjFzgRWIF4NWe'),
(297, 'phoenix_ShS5noYOxwaPFSMPwVq3'),
(298, 'phoenix_vTkahgphdpvRZGI1Urbu'),
(299, 'phoenix_kY8re4cTxsMxfPBfffJk'),
(300, 'phoenix_HDFH7edywsLHeS4TLOBm');

-- --------------------------------------------------------

--
-- Table structure for table `metas`
--

CREATE TABLE `metas` (
  `key_string` varchar(255) NOT NULL,
  `general_id` bigint(20) NOT NULL,
  `value` text NOT NULL
) ENGINE=InnoDB DEFAULT CHARSET=utf8;

-- --------------------------------------------------------

--
-- Table structure for table `products`
--

CREATE TABLE `products` (
  `id` bigint(20) NOT NULL,
  `name` varchar(255) NOT NULL,
  `user_id` bigint(20) NOT NULL
) ENGINE=InnoDB DEFAULT CHARSET=utf8;

--
-- Dumping data for table `products`
--

INSERT INTO `products` (`id`, `name`, `user_id`) VALUES
(1, 'phoenix_3fr8YvFV5EI98sYWWlfK', 1),
(2, 'phoenix_CTygprn4Pd1dfukouxfl', 1),
(3, 'phoenix_GQVui0qxA0zs3LgvVHDo', 1),
(4, 'phoenix_OGAJxK8ytCOLePRYogW2', 1),
(5, 'phoenix_CnUJcQxwx4fVO9psmO6A', 1),
(6, 'phoenix_PwRx08fQhYPcDDsxI2n0', 2),
(7, 'phoenix_CQ1OHjDN1OMxCHAQhZfl', 2),
(8, 'phoenix_WaIagiDI8KuUrE5bcTCa', 2),
(9, 'phoenix_cuBEzssBWa0XEiwEI1aH', 2),
(10, 'phoenix_YJPkd1ZsEQU28PPnvq6Q', 2),
(11, 'phoenix_89AEuITSBJeNg5EnisW4', 3),
(12, 'phoenix_eSFYTKo7AIjnLtZXzb1u', 3),
(13, 'phoenix_a7yH4Vmm0IuUqG7ZoB8D', 3),
(14, 'phoenix_b3Q8FitvEdGJpGCd9bk7', 3),
(15, 'phoenix_1gDSsQNpk3cqGjPCHwk4', 3),
(16, 'phoenix_6ClUpJlARKrRVZOgRqMW', 4),
(17, 'phoenix_iKOfQ1J756EWMQqnpap0', 4),
(18, 'phoenix_P7crt5PDkvf5O95AakMq', 4),
(19, 'phoenix_euIHYPd2aBXSSag9DUyQ', 4),
(20, 'phoenix_VKhOlTHkSESaBz8AmkFm', 4),
(21, 'phoenix_SArV0VlMlqJXpa08m6G5', 5),
(22, 'phoenix_WboeKdRZHBwTZw9CfVn5', 5),
(23, 'phoenix_wWPWxL5l4V34WTq5qbrE', 5),
(24, 'phoenix_kSasAhYKldl4Hi2kwnwE', 5),
(25, 'phoenix_IEidOJehRbhURrEErAJE', 5),
(26, 'phoenix_vi2EXC0nn1ipJvjlQY7G', 6),
(27, 'phoenix_veUmj9QmGO9gYcxuYJ05', 6),
(28, 'phoenix_RQuGDHcdavE8j1LRjPe2', 6),
(29, 'phoenix_starrYMshtHHNIaHQ0Kq', 6),
(30, 'phoenix_fV5n1Gw20gnRTIVuzITO', 6),
(31, 'phoenix_3TTn4VNeoGwF0foo2rzj', 7),
(32, 'phoenix_kts5rtaXkGabfzcx2ZJY', 7),
(33, 'phoenix_woNpR7uBsepY8Ey0XfnD', 7),
(34, 'phoenix_rNjfol1xIc1gXu7Z8nJA', 7),
(35, 'phoenix_TYHmXZRctlo2wkhqRLCJ', 7),
(36, 'phoenix_XrWly5XRqa47kYtOtSxH', 8),
(37, 'phoenix_boxIb4ndya2dqoOMe5LG', 8),
(38, 'phoenix_IhR4rcQAb1LoXrKI0xe1', 8),
(39, 'phoenix_fBbEtvxf2QvTPoYrBrUB', 8),
(40, 'phoenix_cKobzZoWU4lrEHVTDDO3', 8),
(41, 'phoenix_Y5yU55nYrMSx2b6X4EAE', 9),
(42, 'phoenix_XjzzYuArF1Jm9RyyJzBy', 9),
(43, 'phoenix_ndqO9Vz2SSpP94IVF3nW', 9),
(44, 'phoenix_clPWjC6ZTwlSErbSTV2q', 9),
(45, 'phoenix_aoU5Ik1F3GyGedlhWhcn', 9),
(46, 'phoenix_RYyV5Zg0ijVf8bBxSfzc', 10),
(47, 'phoenix_XeeUPohRkAjy8ukIsE39', 10),
(48, 'phoenix_CjZMTwOZfTSmoqPXhdYI', 10),
(49, 'phoenix_T7T6uMEcnKnF8cF08Q2U', 10),
(50, 'phoenix_yWnK4XdaNyDMKA5FaT8R', 10),
(51, 'phoenix_VK8Qlu5RpbTrj4JYIYbF', 11),
(52, 'phoenix_6Cyu3nsQKtpxgxYAVpqa', 11),
(53, 'phoenix_FhoxGPvWtXuuCkmorApc', 11),
(54, 'phoenix_xrg0BBQXpBQV6ogEDSnf', 11),
(55, 'phoenix_VOLkXx94ax6sMVjRphCE', 11),
(56, 'phoenix_xwnOeeiiz6JKMrOg9I7x', 12),
(57, 'phoenix_JJOfLTjQewglimcPFJ5C', 12),
(58, 'phoenix_9LIR4tWQfjL4Dpm2NFo8', 12),
(59, 'phoenix_niU3cDDz13ySVzOuIeh7', 12),
(60, 'phoenix_05xIZn9ss6xu7LSCnolP', 12),
(61, 'phoenix_0AU37BRG7SEbtNLRU2hF', 13),
(62, 'phoenix_Ih80vRQIHRyQtXfE2oP4', 13),
(63, 'phoenix_psesfO1P7h4HHedWTRld', 13),
(64, 'phoenix_KeDpmuywxY94kSIFuPSw', 13),
(65, 'phoenix_LzJnmz9V2FFfo1OYRxt6', 13),
(66, 'phoenix_zENeE8yikPeTynFsiZif', 14),
(67, 'phoenix_oJK92JstTpXP8fvbzb0y', 14),
(68, 'phoenix_hYgWQmYUOuRUJe4IvS0i', 14),
(69, 'phoenix_jMfCyOE41Y0SQyPoRcjP', 14),
(70, 'phoenix_NYPntv5U1S4Hs7xXURaM', 14),
(71, 'phoenix_qrWLFM3MtGlY97wl8mQ2', 15),
(72, 'phoenix_WaxlCy6IF23YRwSWzWbi', 15),
(73, 'phoenix_0c2XYtjCnG79hCSwicMk', 15),
(74, 'phoenix_F5tAQWIrYQ0Yf1wfif2c', 15),
(75, 'phoenix_8BpM3wRpD19AOxe5nJKX', 15),
(76, 'phoenix_nb70d0UUB77OucmUXLF0', 16),
(77, 'phoenix_V88o73otFLBgI3pNuAU8', 16),
(78, 'phoenix_xzsPie2e5SC9wONW38gs', 16),
(79, 'phoenix_pRpXK9R8xWJtX0PjwXoQ', 16),
(80, 'phoenix_FwF12PU9VhxOvsUe6kwI', 16),
(81, 'phoenix_Ly73rMvgXHBM8sYmWbXS', 17),
(82, 'phoenix_BpkwMbQ6yY60tvvfw9Cw', 17),
(83, 'phoenix_TVBzpmBi68Vey6IBLzBl', 17),
(84, 'phoenix_zCN2jejEHFDNXnuYNkvV', 17),
(85, 'phoenix_UW73DMnE6LxPdXzxCaxa', 17),
(86, 'phoenix_Br3C5OEJ4kN2SRpsrxlj', 18),
(87, 'phoenix_rv0aO06rtimbMvCzoNh7', 18),
(88, 'phoenix_L6OIE1XSfgeycYvVmRK5', 18),
(89, 'phoenix_2Ng1HrUpdrhoGfhwXosk', 18),
(90, 'phoenix_SOYApesd9qySWDlHucv3', 18),
(91, 'phoenix_Imkv9GAwSg0aa4J7cJ1z', 19),
(92, 'phoenix_iiZ0nsZbg7BCqj0mCCpK', 19),
(93, 'phoenix_1CrxiTVV269VJWjPtTwN', 19),
(94, 'phoenix_MyJ7sTXKXMpeg6efr71M', 19),
(95, 'phoenix_QrlaD8ymOMakUw3c0eDg', 19),
(96, 'phoenix_Do6hGyNQjg1Esvb31ak9', 20),
(97, 'phoenix_5Q7geIMm4cvDW8BUg7Fy', 20),
(98, 'phoenix_Cb2gPX7IvWUlFBCGIef9', 20),
(99, 'phoenix_oXrIYnMUPSBaVn1Z1KJJ', 20),
(100, 'phoenix_6qOFOJXrWZ9bIKP56oGU', 20);

-- --------------------------------------------------------

--
-- Table structure for table `product_category`
--

CREATE TABLE `product_category` (
  `product_id` bigint(20) NOT NULL,
  `category_id` bigint(20) NOT NULL
) ENGINE=InnoDB DEFAULT CHARSET=utf8;

--
-- Dumping data for table `product_category`
--

INSERT INTO `product_category` (`product_id`, `category_id`) VALUES
(1, 1),
(1, 2),
(1, 3),
(2, 4),
(2, 5),
(2, 6),
(3, 7),
(3, 8),
(3, 9),
(4, 10),
(4, 11),
(4, 12),
(5, 13),
(5, 14),
(5, 15),
(6, 16),
(6, 17),
(6, 18),
(7, 19),
(7, 20),
(7, 21),
(8, 22),
(8, 23),
(8, 24),
(9, 25),
(9, 26),
(9, 27),
(10, 28),
(10, 29),
(10, 30),
(11, 31),
(11, 32),
(11, 33),
(12, 34),
(12, 35),
(12, 36),
(13, 37),
(13, 38),
(13, 39),
(14, 40),
(14, 41),
(14, 42),
(15, 43),
(15, 44),
(15, 45),
(16, 46),
(16, 47),
(16, 48),
(17, 49),
(17, 50),
(17, 51),
(18, 52),
(18, 53),
(18, 54),
(19, 55),
(19, 56),
(19, 57),
(20, 58),
(20, 59),
(20, 60),
(21, 61),
(21, 62),
(21, 63),
(22, 64),
(22, 65),
(22, 66),
(23, 67),
(23, 68),
(23, 69),
(24, 70),
(24, 71),
(24, 72),
(25, 73),
(25, 74),
(25, 75),
(26, 76),
(26, 77),
(26, 78),
(27, 79),
(27, 80),
(27, 81),
(28, 82),
(28, 83),
(28, 84),
(29, 85),
(29, 86),
(29, 87),
(30, 88),
(30, 89),
(30, 90),
(31, 91),
(31, 92),
(31, 93),
(32, 94),
(32, 95),
(32, 96),
(33, 97),
(33, 98),
(33, 99),
(34, 100),
(34, 101),
(34, 102),
(35, 103),
(35, 104),
(35, 105),
(36, 106),
(36, 107),
(36, 108),
(37, 109),
(37, 110),
(37, 111),
(38, 112),
(38, 113),
(38, 114),
(39, 115),
(39, 116),
(39, 117),
(40, 118),
(40, 119),
(40, 120),
(41, 121),
(41, 122),
(41, 123),
(42, 124),
(42, 125),
(42, 126),
(43, 127),
(43, 128),
(43, 129),
(44, 130),
(44, 131),
(44, 132),
(45, 133),
(45, 134),
(45, 135),
(46, 136),
(46, 137),
(46, 138),
(47, 139),
(47, 140),
(47, 141),
(48, 142),
(48, 143),
(48, 144),
(49, 145),
(49, 146),
(49, 147),
(50, 148),
(50, 149),
(50, 150),
(51, 151),
(51, 152),
(51, 153),
(52, 154),
(52, 155),
(52, 156),
(53, 157),
(53, 158),
(53, 159),
(54, 160),
(54, 161),
(54, 162),
(55, 163),
(55, 164),
(55, 165),
(56, 166),
(56, 167),
(56, 168),
(57, 169),
(57, 170),
(57, 171),
(58, 172),
(58, 173),
(58, 174),
(59, 175),
(59, 176),
(59, 177),
(60, 178),
(60, 179),
(60, 180),
(61, 181),
(61, 182),
(61, 183),
(62, 184),
(62, 185),
(62, 186),
(63, 187),
(63, 188),
(63, 189),
(64, 190),
(64, 191),
(64, 192),
(65, 193),
(65, 194),
(65, 195),
(66, 196),
(66, 197),
(66, 198),
(67, 199),
(67, 200),
(67, 201),
(68, 202),
(68, 203),
(68, 204),
(69, 205),
(69, 206),
(69, 207),
(70, 208),
(70, 209),
(70, 210),
(71, 211),
(71, 212),
(71, 213),
(72, 214),
(72, 215),
(72, 216),
(73, 217),
(73, 218),
(73, 219),
(74, 220),
(74, 221),
(74, 222),
(75, 223),
(75, 224),
(75, 225),
(76, 226),
(76, 227),
(76, 228),
(77, 229),
(77, 230),
(77, 231),
(78, 232),
(78, 233),
(78, 234),
(79, 235),
(79, 236),
(79, 237),
(80, 238),
(80, 239),
(80, 240),
(81, 241),
(81, 242),
(81, 243),
(82, 244),
(82, 245),
(82, 246),
(83, 247),
(83, 248),
(83, 249),
(84, 250),
(84, 251),
(84, 252),
(85, 253),
(85, 254),
(85, 255),
(86, 256),
(86, 257),
(86, 258),
(87, 259),
(87, 260),
(87, 261),
(88, 262),
(88, 263),
(88, 264),
(89, 265),
(89, 266),
(89, 267),
(90, 268),
(90, 269),
(90, 270),
(91, 271),
(91, 272),
(91, 273),
(92, 274),
(92, 275),
(92, 276),
(93, 277),
(93, 278),
(93, 279),
(94, 280),
(94, 281),
(94, 282),
(95, 283),
(95, 284),
(95, 285),
(96, 286),
(96, 287),
(96, 288),
(97, 289),
(97, 290),
(97, 291),
(98, 292),
(98, 293),
(98, 294),
(99, 295),
(99, 296),
(99, 297),
(100, 298),
(100, 299),
(100, 300);

-- --------------------------------------------------------

--
-- Table structure for table `users`
--

CREATE TABLE `users` (
  `id` bigint(20) NOT NULL,
  `full_name` varchar(255) NOT NULL,
  `email` varchar(255) NOT NULL,
  `password` varchar(255) NOT NULL
) ENGINE=InnoDB DEFAULT CHARSET=utf8;

--
-- Dumping data for table `users`
--

INSERT INTO `users` (`id`, `full_name`, `email`, `password`) VALUES
(1, 'phoenix_PEUhVRNgfb4gWTTY1d7a', 'phoenix_YyRKFZU3cAGmvMKYp3Ui', 'phoenix_fhGXIhVJHA1DdMPlfVPu'),
(2, 'phoenix_gO40422aTTMqVC0kVck7', 'phoenix_yXQCnNITYYkn0qpFHG7h', 'phoenix_yvc4tHQQX52KY3fPqLAo'),
(3, 'phoenix_7RRwL7iQO9Vb5740jzHM', 'phoenix_IOBLfZNhhwkJisysLCKh', 'phoenix_RLaWzPZg3HVFejiEC8dA'),
(4, 'phoenix_sXNWfiwqhqQQJL9XtRS5', 'phoenix_e3XFq2ZVd4Bm7NehcXKL', 'phoenix_FyOWz1z6nBnTp6LHd0bw'),
(5, 'phoenix_89zn4eYa09bJxb4vxOgE', 'phoenix_0ZBogfZh1QiI0PMTwDsV', 'phoenix_JnrGusA51T6zQSn88ZKO'),
(6, 'phoenix_7TKhVnhq23V0dcDdTFmS', 'phoenix_p8nHkjvRLk1YMZD2HZic', 'phoenix_6Tft4TwiE7ZSY92IA7am'),
(7, 'phoenix_UcZun0h2Foe17akXhFoW', 'phoenix_0bUp19dLPyF9FF0D1uxF', 'phoenix_jiDsoDMeWdm963b98TFh'),
(8, 'phoenix_NCAbw8f21sjSdBvoiixh', 'phoenix_voKYBL8fBcdfGpFU4VE3', 'phoenix_BAbbXCkhEYoif26pLLJw'),
(9, 'phoenix_a9hEnAGMrRM7WXZIjVv3', 'phoenix_H5CMN9Rop1324ovyO6XJ', 'phoenix_z9TDkPa22IiYWgHmW74R'),
(10, 'phoenix_gcFWK2cGv1zCPWBK6bvI', 'phoenix_MnZxBiEcKoqP8ewpsBxs', 'phoenix_m0TWFlnKOj2S1CXXe02Z'),
(11, 'phoenix_9JSkceIuM4BsuVbVyc4N', 'phoenix_qqHl3GhB1ZWCU77rDyIj', 'phoenix_OhxQ0VqP2q1YCzgB1F3F'),
(12, 'phoenix_jWT81OforA03oze0tQRO', 'phoenix_PIc8Zzwxr82inSvihPCm', 'phoenix_wocliFMHdzrMCHDSKTKZ'),
(13, 'phoenix_9P6KlpNoO7aODRXURV3r', 'phoenix_QUBmpVN76zyUP5dXUq3L', 'phoenix_dpBaYckskm4Yiz6RxhIF'),
(14, 'phoenix_R7eW0yEe58x6u8NbnDOq', 'phoenix_VjdXMGu94a31ke12WUm6', 'phoenix_sRxO2acUl09FjEaZ1oTA'),
(15, 'phoenix_WPD3HzOuwTXE2kBTGQEe', 'phoenix_lRObSCfehz0kWgrtJWOh', 'phoenix_T8530cfRzeOzjvnWnzbh'),
(16, 'phoenix_Lk23vccIsuNFQWZM765q', 'phoenix_JA8r3Bgz7PaBsVuL2NQP', 'phoenix_at2MRhXhMDhiFsqNgJdB'),
(17, 'phoenix_fLfQxwKUh37t0VuAgLfA', 'phoenix_MJBU2oCz1rVDDK7gqXIA', 'phoenix_wSNUP1SJcKh7LtT9B3vB'),
(18, 'phoenix_Z3dsZzlcprtObSzN4AjQ', 'phoenix_UtamKRK7Zl4t3mUim1sn', 'phoenix_AZejFKgtClWh7bkajNWL'),
(19, 'phoenix_DplZKP01MPZvDX6Xlj3I', 'phoenix_HNY948KrPzpWDY9sjtEb', 'phoenix_coEmlTjinJ36IwLr1NIJ'),
(20, 'phoenix_VMYjdFQ6YRY2z1BJE11w', 'phoenix_UhD9hYMTzJxrgfmKKfYR', 'phoenix_VJzU9eXV8PI411HwAyoe');

--
-- Indexes for dumped tables
--

--
-- Indexes for table `categories`
--
ALTER TABLE `categories`
  ADD PRIMARY KEY (`id`);

--
-- Indexes for table `metas`
--
ALTER TABLE `metas`
  ADD PRIMARY KEY (`key_string`,`general_id`);

--
-- Indexes for table `products`
--
ALTER TABLE `products`
  ADD PRIMARY KEY (`id`),
  ADD KEY `user_id` (`user_id`);

--
-- Indexes for table `product_category`
--
ALTER TABLE `product_category`
  ADD PRIMARY KEY (`product_id`,`category_id`);

--
-- Indexes for table `users`
--
ALTER TABLE `users`
  ADD PRIMARY KEY (`id`);

--
-- AUTO_INCREMENT for dumped tables
--

--
-- AUTO_INCREMENT for table `categories`
--
ALTER TABLE `categories`
  MODIFY `id` bigint(20) NOT NULL AUTO_INCREMENT, AUTO_INCREMENT=301;

--
-- AUTO_INCREMENT for table `products`
--
ALTER TABLE `products`
  MODIFY `id` bigint(20) NOT NULL AUTO_INCREMENT, AUTO_INCREMENT=101;

--
-- AUTO_INCREMENT for table `users`
--
ALTER TABLE `users`
  MODIFY `id` bigint(20) NOT NULL AUTO_INCREMENT, AUTO_INCREMENT=21;
COMMIT;

/*!40101 SET CHARACTER_SET_CLIENT=@OLD_CHARACTER_SET_CLIENT */;
/*!40101 SET CHARACTER_SET_RESULTS=@OLD_CHARACTER_SET_RESULTS */;
/*!40101 SET COLLATION_CONNECTION=@OLD_COLLATION_CONNECTION */;
